<?xml version="1.0" encoding="UTF-8"?>
<component name="googlecontacts_batchOperations" type="synapse/template">
  <subComponents>
    	<component name="batchCreateContacts">
      <file>batchCreateContacts.xml</file>
      <description>Batch request for operations on contacts.</description>
    </component>
    	<component name="batchCreateContactGroups">
      <file>batchCreateContactGroups.xml</file>
      <description>Batch request for operations on contact groups.</description>
    </component>
    </subComponents>
</component>