<?xml version="1.0" encoding="UTF-8"?>
<component name="googlecontacts_contacts" type="synapse/template">
  <subComponents>
    	<component name="retrieveAllContacts">
      <file>retrieveAllContacts.xml</file>
      <description>Retrieve all user contacts.</description>
    </component>
    	<component name="retrieveContactsByQuery">
      <file>retrieveContactsByQuery.xml</file>
      <description>Retrieve contacts using query parameters.</description>
    </component>
    	<component name="retrieveSingleContact">
      <file>retrieveSingleContact.xml</file>
      <description>Retrieve single contact.</description>
    </component>
    	<component name="createContact">
      <file>createContact.xml</file>
      <description>Create a new contact.</description>
    </component>
    	<component name="updateContact">
      <file>updateContact.xml</file>
      <description>Update a contact.</description>
    </component>
    	<component name="deleteContact">
      <file>deleteContact.xml</file>
      <description>Delete a contact.</description>
    </component>
    	<component name="changeGroupMembership">
      <file>changeGroupMembership.xml</file>
      <description>Change contact group membership.</description>
    </component>
    </subComponents>
</component>