<?xml version="1.0" encoding="UTF-8"?>
<component name="googlecontacts_photoManagement" type="synapse/template">
  <subComponents>
    	<component name="retrieveContactPhoto">
      <file>retrieveContactPhoto.xml</file>
      <description>Retrieve contact photo.</description>
    </component>
    	<component name="updateContactPhoto">
      <file>updateContactPhoto.xml</file>
      <description>Add or update photo for a contact.</description>
    </component>
    	<component name="deleteContactPhoto">
      <file>deleteContactPhoto.xml</file>
      <description>Delete contact photo.</description>
    </component>
    </subComponents>
</component>