<?xml version="1.0" encoding="UTF-8"?>
<component name="googlecontacts_groups" type="synapse/template">
  <subComponents>
    	<component name="retrieveAllContactGroups">
      <file>retrieveAllContactGroups.xml</file>
      <description>Retrieve the user contact groups.</description>
    </component>
    	<component name="retrieveContactGroupsByQuery">
      <file>retrieveContactGroupsByQuery.xml</file>
      <description>Retrieve contact groups using query parameters.</description>
    </component>
    	<component name="retrieveSingleContactGroup">
      <file>retrieveSingleContactGroup.xml</file>
      <description>Retrieve single group.</description>
    </component>
    	<component name="createContactGroup">
      <file>createContactGroup.xml</file>
      <description>Create a new contact group.</description>
    </component>
    	<component name="updateContactGroup">
      <file>updateContactGroup.xml</file>
      <description>Update contact group.</description>
    </component>
    	<component name="deleteContactGroup">
      <file>deleteContactGroup.xml</file>
      <description>Delete contact group.</description>
    </component>
    </subComponents>
</component>